[
    {
        "Title": "Generic",
        "Short": "GEN",
        "Lamps": [
            "Lamp 11",
            "Lamp 12",
            "Lamp 13",
            "Lamp 14",
            "Lamp 15",
            "Lamp 16",
            "Lamp 17",
            "Lamp 18",
            "Lamp 21",
            "Lamp 22",
            "Lamp 23",
            "Lamp 24",
            "Lamp 25",
            "Lamp 26",
            "Lamp 27",
            "Lamp 28",
            "Lamp 31",
            "Lamp 32",
            "Lamp 33",
            "Lamp 34",
            "Lamp 35",
            "Lamp 36",
            "Lamp 37",
            "Lamp 38",
            "Lamp 41",
            "Lamp 42",
            "Lamp 43",
            "Lamp 44",
            "Lamp 45",
            "Lamp 46",
            "Lamp 47",
            "Lamp 48",
            "Lamp 51",
            "Lamp 52",
            "Lamp 53",
            "Lamp 54",
            "Lamp 55",
            "Lamp 56",
            "Lamp 57",
            "Lamp 58",
            "Lamp 61",
            "Lamp 62",
            "Lamp 63",
            "Lamp 64",
            "Lamp 65",
            "Lamp 66",
            "Lamp 67",
            "Lamp 68",
            "Lamp 71",
            "Lamp 72",
            "Lamp 73",
            "Lamp 74",
            "Lamp 75",
            "Lamp 76",
            "Lamp 77",
            "Lamp 78",
            "Lamp 81",
            "Lamp 82",
            "Lamp 83",
            "Lamp 84",
            "Lamp 85",
            "Lamp 86",
            "Lamp 87",
            "Lamp 88"
        ]
    },
    {
        "Title": "Whitewater",
        "Short": "WH2O",
        "Lamps": [
            "Shoot Again",
            "Kickback",
            "Left Outlane",
            "Left Flipper Lane",
            "Right Flipper Lane",
            "Right Outlane",
            "Lights Whirlpool",
            "6x Multiplier",
            "River R1",
            "River I",
            "River V",
            "River E",
            "River R2",
            "Hazzard 3",
            "Lock 1",
            "Lock 2",
            "Raft 7",
            "Raft 8",
            "Wet Willie",
            "Ramp Millions",
            "Hazzard 4",
            "Left Light Lock",
            "2x Multiplier",
            "3x Multiplier",
            "3-Bank Center",
            "3-Bank Lower",
            "Lock Release",
            "3-Bank Top",
            "Hazzard 4",
            "Right Light Lock",
            "4x Multiplier",
            "5x Multiplier",
            "Hazzard 1",
            "Hazzard 5",
            "Hazzard 6",
            "Hazzard 7",
            "Whirlpool Lit",
            "Extra Ball",
            "Whirl Challenge",
            "Boulder Man Over",
            "Raft 1",
            "Raft 2",
            "Raft 3",
            "Raft 4",
            "Raft 5",
            "Raft 6",
            "2-Bank Upper",
            "2-Bank Lower",
            "Whirlpool 1",
            "Whirlpool 2",
            "Whirlpool 3",
            "Whirlpool 4",
            "Whirlpool 5",
            "Whirlpool 6",
            "Multi Jackpot",
            "Bigfoot Jackpot",
            "Light Extra Ball",
            "Advance Raft",
            "Mystery",
            "Boulder 5x Award",
            "Not Used",
            "Not Used",
            "Not Used",
            "Start Button"
        ]
    }
]
