[
{
        "Title": "Generic",
        "Short": "GEN",
        "Lamps": [
            "Lamp 11",
            "Lamp 12",
            "Lamp 13",
            "Lamp 14",
            "Lamp 15",
            "Lamp 16",
            "Lamp 17",
            "Lamp 18",
			"SAM/WS 19",
			"SAM/WS 110",
            "Lamp 21",
            "Lamp 22",
            "Lamp 23",
            "Lamp 24",
            "Lamp 25",
            "Lamp 26",
            "Lamp 27",
            "Lamp 28",
			"SAM/WS 29",
			"SAM/WS 210",
            "Lamp 31",
            "Lamp 32",
            "Lamp 33",
            "Lamp 34",
            "Lamp 35",
            "Lamp 36",
            "Lamp 37",
            "Lamp 38",
			"SAM/WS 39",
			"SAM/WS 310",
            "Lamp 41",
            "Lamp 42",
            "Lamp 43",
            "Lamp 44",
            "Lamp 45",
            "Lamp 46",
            "Lamp 47",
            "Lamp 48",
			"SAM/WS 49",
			"SAM/WS 410",
            "Lamp 51",
            "Lamp 52",
            "Lamp 53",
            "Lamp 54",
            "Lamp 55",
            "Lamp 56",
            "Lamp 57",
            "Lamp 58",
			"SAM/WS 59",
			"SAM/WS 510",
            "Lamp 61",
            "Lamp 62",
            "Lamp 63",
            "Lamp 64",
            "Lamp 65",
            "Lamp 66",
            "Lamp 67",
            "Lamp 68",
			"SAM/WS 69",
			"SAM/WS 610",
            "Lamp 71",
            "Lamp 72",
            "Lamp 73",
            "Lamp 74",
            "Lamp 75",
            "Lamp 76",
            "Lamp 77",
            "Lamp 78",
			"SAM/WS 79",
			"SAM/WS 710",
            "Lamp 81",
            "Lamp 82",
            "Lamp 83",
            "Lamp 84",
            "Lamp 85",
            "Lamp 86",
            "Lamp 87",
			"Lamp 88",
			"SAM Lamp 89",
			"SAM Lamp 810"
        ]
    },
	{
        "Title": "Twilight Zone",
        "Short": "TZ",
        "Lamps": [
            "Camera (Door)",
            "Hitchhiker (Door)",
            "Clock Chaos (Door)",
            "Super Skill (Door)",
            "Fast Lock (Door)",
            "Lite Gumball (Door)",
            "Town Square Madness (Door)",
            "Lite Extra Ball (Door)",
            "Door Panel 'LOCK 2'",
            "Greed (Door)",
            "10 Million (Door)",
            "Battle the Power (Door)",
            "The Spiral (Door)",
            "Clock Millions (Door)",
            "Super Slot (Door)",
            "Door Panel 'BALL'",
            "Left Outlane EB",
            "Door Panel 'LOCK 1'",
            "Left Inlane (Slot)",
            "Door Handle",
            "Left Inlane (Spiral)",
            "Door Panel 'GUM'",
            "Lower Left 5 Million",
            "Dead End (arrow)",
            "Spiral '2 Million'",
            "Spiral Left Battle Power",
            "Spiral '4 Million'",
            "Spiral Right Battle Power",
            "Spiral '10 Million'",
            "Spiral 'Extra Ball'",
            "Shoot Again",
            "Right Inlane (Dead End)",
            "Left Ramp Bonus X",
            "Left Ramp Multiball",
            "Left Ramp 'Super Skill'",
            "Left Powerball",
            "The Camera",
            "Right Ramp Battle the Power",
            "Lock Extra Ball",
            "Lock Arrow",
            "Left Bumper",
            "Lower Bumper",
            "Right Bumper",
            "Middle Left 5 Million",
            "Upper Left 5 Million",
            "Right Outlane (Special)",
            "Right Powerball",
            "Right Loop Spiral",
            "Lower Right 5 Million",
            "Middle Right 5 Million 2",
            "Middle Right 5 Million 1",
            "Power Payoff",
            "Upper Right 5 Million",
            "Mini Pf. 500.000",
            "Mini Pf. 1.000.000",
            "Mini Pf. 750.000",
            "Left Spiral (sign)",
            "Clock Millions",
            "Piano Yellow",
            "Piano Red",
            "Slot Machine",
            "Right Loop Gumball (sign)",
            "Buy-in",
            "Start"
        ]
    },
{
        "Title": "The Phantom of the Opera",
        "Short": "POTO",
        "Lamps": [
            "Right Square 4",
            "Right Square 3",
            "Right Square 2",
            "Right Square 1",
            "Right Circle",
            "Scorpion 3",
            "Scorpion 2",
            "Lite Special",
            "Right Mystery",
            "Lock Arrow",
            "Lite Laser Kick",
            "Right Candle",
            "Extra Ball Arrow",
            "Scorpion 1",
            "100K Square",
            "Lite Extra Ball",
            "Left Square 4",
            "Left Candle",
            "Phantom Lamp",
            "Left Square 3",
            "Left Square 2",
            "Left Square 1",
            "Bonus Hold Square",
            "Shoot Again",
            "Right Circle",
            "5x Lamp",
            "4x Lamp",
            "Bonus Hold Arrow",
            "3x Lamp",
            "2x Lamp",
            "Right Extra Ball",
            "Right Return",
            "Grass-Hopper 1",
            "Grass-Hopper 2",
            "Grass-Hopper 3",
            "2X lit Lamp",
            "Left Mystery",
            "Special Lamp",
            "Back-glass 1",
            "Back-glass 2",
            "Top Lane 3",
            "Top Lane 2",
            "Top Lane 1",
            "Left Return",
            "Left Extra Ball",
            "Laser Kick Lamp",
            "Back-glass 3",
            "Back-glass 4",
            "P Lamp",
            "H Lamp",
            "A Lamp",
            "N Lamp",
            "T Lamp",
            "O Lamp",
            "M Lamp",
            "Unsed",
            "Box Lamp",
            "Million Lamp",
            "T Arrow",
            "W Arrow",
            "O Arrow",
            "O Arrow",
            "N Arrow",
            "E Arrow"
        ]
    },
{
        "Title": "Jokerz",
        "Short": "JOK",
        "Lamps": [
            "Bonus 1K",
            "Bonus 1K",
            "Bonus 1K",
            "Bonus 1K",
            "Bonus 5K",
            "Bonus 10K",
            "Bonus 10K",
            "Bonus 10K",
            "Bonus 10K",
            "Bonus 50K",
            "2X",
            "3X",
            "4X",
            "5X",
            "6X",
            "7X",
            "B",
            "E",
            "T",
            "Left Outlane",
            "L Return Lane",
            "R Return Lane",
            "Right Outlane",
            "Double Score",
            "Drop Target BL",
            "Drop Targer BR",
            "Drop Target TL",
            "Ace",
            "King",
            "Queen",
            "Jack",
            "10",
            "Spinners",
            "Draw Poker",
            "Special",
            "1 Bell",
            "2 Bells",
            "3 Bells",
            "4 Bells",
            "5 Bells Lites Special",
            "Hearts",
            "Spades",
            "Clubs",
            "Diamonds",
            "Left Ramp",
            "Right Ramp",
            "Left Jet's 10K",
            "Right Jet's 10K",
            "Jackpot",
            "Deal Again",
            "UPF Illum",
            "UPF Illum",
            "UPF Illum",
            "UPF Illum",
            "UPF Illum",
            "UPF Illum",
            "0.5 Million Jackpot",
            "1.0 Million Jackpot",
			"1.5 Million Jackpot",
            "2.0 Million Jackpot",
            "2.5 Million Jackpot",
            "3.0 Million Jackpot",
            "3.5 Million Jackpot",
            "4.0 Million Jackpot"
            
        ]
    },
    {
        "Title": "Whitewater",
        "Short": "WH2O",
        "Lamps": [
            "Shoot Again",
            "Kickback",
            "Left Outlane",
            "Left Flipper Lane",
            "Right Flipper Lane",
            "Right Outlane",
            "Lights Whirlpool",
            "6x Multiplier",
            "River R1",
            "River I",
            "River V",
            "River E",
            "River R2",
            "Hazzard 3",
            "Lock 1",
            "Lock 2",
            "Raft 7",
            "Raft 8",
            "Wet Willie",
            "Ramp Millions",
            "Hazzard 4",
            "Left Light Lock",
            "2x Multiplier",
            "3x Multiplier",
            "3-Bank Center",
            "3-Bank Lower",
            "Lock Release",
            "3-Bank Top",
            "Hazzard 4",
            "Right Light Lock",
            "4x Multiplier",
            "5x Multiplier",
            "Hazzard 1",
            "Hazzard 5",
            "Hazzard 6",
            "Hazzard 7",
            "Whirlpool Lit",
            "Extra Ball",
            "Whirl Challenge",
            "Boulder Man Over",
            "Raft 1",
            "Raft 2",
            "Raft 3",
            "Raft 4",
            "Raft 5",
            "Raft 6",
            "2-Bank Upper",
            "2-Bank Lower",
            "Whirlpool 1",
            "Whirlpool 2",
            "Whirlpool 3",
            "Whirlpool 4",
            "Whirlpool 5",
            "Whirlpool 6",
            "Multi Jackpot",
            "Bigfoot Jackpot",
            "Light Extra Ball",
            "Advance Raft",
            "Mystery",
            "Boulder 5x Award",
            "Not Used",
            "Not Used",
            "Not Used",
            "Start Button"
        ]
    },
    {
        "Title": "The Getaway",
        "Short": "HS2",
        "Lamps": [
            "Freeway 1",
            "Freeway 2",
            "Freeway 3",
            "Freeway 4",
            "Freeway 5",
            "Speed",
            "Left Freeway",
            "Lock",
            "2X",
            "4X",
            "Hold Bonus",
            "6X",
            "8X",
            "Get Away",
            "Speed Millions",
            "Super Jackpot",
            "Top Red",
            "Top Yellow",
            "Top Green",
            "Right Freeway",
            "Special",
            "Video Mode",
            "Random Lamp",
            "Extra Ball",
            "Tach 1",
            "Tach 2",
            "Tach 3",
            "Tach 4",
            "Tach 5",
            "Bottom Red",
            "Bottom Yellow",
            "Bottom Green",
            "Shoot Again",
            "Kickback",
            "Tach 11",
            "Tach 12",
            "Tach 13",
            "Tach 14",
            "Tach 15",
            "Shift",
            "Right Return Lane",
            "Left Return Lane",
            "Six Bank Bottom",
            "Six Bank Middle",
            "Six Bank Top",
            "Super Charger",
            "Red Line Mania",
            "Start Button",
            "4th Gear",
            "5th Gear",
            "Stop Light Red",
            "Stop Light Yellow",
            "Stop Light Green",
            "1st Gear",
            "2nd Gear",
            "3rd Gear",
            "Tach 9",
            "Tach 10",
            "Middle Red",
            "Middle Yellow",
            "Middle Green",
            "Tach 6",
            "Tach 7",
            "Tach 8"
        ]
    },
    {
        "Title": "Cirqus Voltaire",
        "Short": "CV",
        "Lamps": [
            "Cirqus R",
            "Grid Top",
            "Cirqus Q",
            "Cirqus U",
            "Grid Top/Right",
            "Cirqus S",
            "Grid Middle/Right",
            "Left Jackpot",
            "Cirqus I",
            "Cirqus C",
            "Grid Middle/Left",
            "Grid Bottom/Left",
            "Grid Bottom",
            "Grid Middle",
            "Grid Bottom/Right",
            "Grid Left/Top",
            "Side Show",
            "Left Loop Top",
            "Left Loop 3",
            "Left Loop 2",
            "Left Loop 1",
            "Multiball",
            "Lock",
            "Spot Marvel",
            "Ringmaster Left",
            "Ringmaster 2",
            "Ringmaster 3",
            "Ringmaster 4",
            "Ringmaster Right",
            "Special",
            "Razz",
            "Frenzy",
            "Crank Top",
            "Crank 2",
            "Crank 3",
            "Crank Bottom",
            "Right Loop Top",
            "Right Loop 3",
            "Right Loop 2",
            "Right Loop 1",
            "Middle Jackpot",
            "Right Jackpot",
            "Light Standup Target",
            "Lock Standup Target",
            "Ring R",
            "Ring I",
            "Shoot Again",
            "Left Outlane",
            "WOW Right W Target",
            "WOW O Target",
            "WOW Left W Target",
            "Ring N",
            "Ring G",
            "Right Outlane",
            "Left Inlane",
            "Skill Ring",
            "Extra Ball",
            "Top Jet Bumper",
            "Middle Jet Bumper",
            "Lower Jet Bumper",
            "Right Inlane",
            "Volt Left",
            "Volt Right",
            "Start Button"
        ]
    },
    {
        "Title": "Indiana Jones: The Pinball Adventure",
        "Short": "IJ",
        "Lamps": [
            "Mode Start",
            "Hand of Fate",
            "Eject Extra Ball",
            "Ad(v)enture Light",
            "A(d)venture Light",
            "(A)dventure Light",
            "Shoot Again",
            "Get The Idol",
            "Tank Chase",
            "Adven(t)ure Light",
            "Adv(e)nture Light",
            "Adve(n)ture Light",
            "Steal The Stones",
            "Grail Jackpot",
            "Streets Of Cairo",
            "Stones Jackpot",
            "Left Ramp Arrow",
            "Castle Grunewald",
            "Left Plane Top",
            "Monkey Brains",
            "Left Plane Middle",
            "Sallah",
            "Bonus 4X",
            "Left Plane Bottom",
            "Mine Cart",
            "Ark Jackpot",
            "Raven Bar",
            "Right Plane Middle",
            "Bonus 6X",
            "Right Plane Bottom",
            "Well Of Souls",
            "Left Loop",
            "Choose Wisely",
            "Right Plane Top",
            "Rope Bridge",
            "Advent(u)re Light",
            "Adventu(r)e Light",
            "Adventur(e) Light",
            "The 3 Challenges",
            "Right Loop",
            "(I)ndy",
            "I(n)dy",
            "In(d)y",
            "Ind(y)",
            "Willie",
            "Bouns 2X",
            "Shorty",
            "Right Ramp Arrow",
            "Mini Top Left",
            "Mini Top Right",
            "Mini Middle Top Left",
            "Mini Middle Top Right",
            "Mini Top Arrow",
            "Marion",
            "Bonus 8X",
            "Dr. Jones",
            "Mini Middle Bottom Left",
            "Mini Middle Bottom Right",
            "Mini Bottom Left",
            "Mini Bottom Right",
            "Mini Bottom Arraw",
            "Totem Top Arrow",
            "Center Lock",
            "Start Button"
        ]
    },
    {
        "Title": "The Addams Family",
        "Short": "TAF",
        "Lamps": [
            "Thing Multiball",
            "Extra Ball",
            "Jackpot",
            "Grave 'A'",
            "Stars",
            "Super Jackpot",
            "Grave 'V'",
            "Upper Swamp Million",
            "Upper Left Jet",
            "Upper Right Jet",
            "Center Left Jet",
            "Center Right Jet",
            "Lower Jet",
            "Cousin It",
            "2 Bear Kicks",
            "Thing Flips",
            "G-R-E-E-D 'G'",
            "G-R-E-E-D 'R'",
            "G-R-E-E-D 'E'-1",
            "G-R-E-E-D 'E'-2",
            "G-R-E-E-D 'D'",
            "5x Graveyard",
            "Center Swamp Million",
            "Lower Swamp Million",
            "Not Used",
            "Advance X",
            "Grave 'G'",
            "Grave 'R'",
            "The Mamushku",
            "Swamp Lock",
            "Electric Chair Red",
            "Grave 'E'",
            "Thing",
            "Raise The Dead",
            "Lite Extra Ball",
            "House 6 Million",
            "Quick Multiball",
            "Fester's Tunnel Hunt",
            "House Seance",
            "Hit Cousin It",
            "Left Special",
            "Lite Thing Flips",
            "Lite 2 Bear Kicks",
            "Electric Chair Yellow",
            "House '?'",
            "House 9 Million",
            "Graveyard At Max",
            "House 3 Million",
            "Lite Advance X",
            "Right Special",
            "Shoot Again",
            "Vault Green",
            "Vault Red",
            "Not Used",
            "Thing Yellow",
            "Thing Green",
            "Thing '*'-1",
            "Thing 'T'",
            "Thing 'H'",
            "Thing 'I'",
            "Thing 'N'",
            "Thing 'G'",
            "Thing '*'-2",
            "Credit Button"
        ]
    },
	{
		"Title": "Tales of the Arabian Nights",
		"Short": "ToTAN",
		"Lamps": [
			"Jewel 1 (Left)",
			"Jewel 2",
			"Jewel 3",
			"Jewel 4",
			"Jewel 5",
			"Jewel 6",
			"Jewel 7 (Right)",
			"Shoot again",
			"Jackpot",
			"(G)enie",
			"G(E)nie",
			"Ge(N)ie",
			"Gen(I)e",
			"Geni(E)",
			"Muliball",
			"Outlane Special",
			"Magic Carpet",
			"Action 3",
			"Ramp Arrow Right",
			"Ramp Arrow Left",
			"Smoke 1 (Bottom)",
			"Smoke 2",
			"Smoke 3",
			"Amulet",
			"Smoke 6",
			"Smoke 7",
			"Smoke 8",
			"Smoke 9",
			"Smoke 10",
			"Smoke 11",
			"Smoke 12",
			"Smoke 13",
			"Smoke 14 (Top)",
			"Lamp-15",
			"Lamp-30",
			"Lamp-60",
			"Smoke 4",
			"Smoke 5",
			"Shoot Star Right",
			"Shoot Star Left",
			"Make A Wish",
			"(B)azaar",
			"B(A)zaar",
			"Ba(Z)aar",
			"Baz(A)ar",
			"Baza(A)r",
			"Bazaa(R)",
			"Center Lock",
			"Action 2",
			"Left Lock",
			"Harem Advance",
			"Left Tiger Loop",
			"Action 1",
			"Wish 1",
			"Wish 2",
			"Wish 3",
			"Right Lock",
			"Action 5",
			"Extra Ball",
			"Right Tiger Loop",
			"Captive Ball Right",
			"Action 4",
			"Captive Ball Left",
			"Start Button"
		]
	},
	{
        "Title": "Bride of Pinbot",
        "Short": "BoP",
        "Lamps": [
            "Left Outlane",
            "Left Return Lane",
            "Right Return Lane",
            "Right Outlane",
            "Left StandUp",
            "Right Top StandUp",
            "Right Bottom StandUp",
            "Shoot Again",
            "Circle Lite Jackpot",
            "Circle Lite Billion",
            "Circle Extra Ball",
            "Circle Lite Extra Ball",
            "Circle 500k",
            "Circle 100k",
            "Values Doubled",
            "Spin Small Wheel",
            "Circle 250k",
            "Circle 10 Million",
            "Circle 50 Million",
            "Circle Special",
            "Circle 5 Million",
            "Circle 1 Million",
            "Space Shuttle",
            "Launch Pad",
            "Skill Shot 50k",
            "Skill Shot 75k",
            "Skill Shot 100k",
            "Skill Shot 200k",
            "Skill Shot 25k",
            "Head Left Eye",
            "Head Right Eye",
            "Head Mouth",
            "Left Loop 500k",
            "Left Loop 100k",
            "Left Loop 50k",
            "Left Loop 25k",
            "Right Loop 500k",
            "Right Loop 100k",
            "Right Loop 50k",
            "Right Loop 25k",
            "Right Ramp 100k",
            "Right Ramp 500k",
            "Right Ramp Million",
            "Wire Ball Lock",
            "Jet Enter 500k",
            "Jet Enter 100k",
            "Jet Enter 50k",
            "Jet Enter 25k",
            "Jackpot 8 Million",
            "Jackpot 7 Million",
            "Jackpot 6 Million",
            "Jackpot 5 Million",
            "Jackpot 4 Million",
            "Jackpot 3 Million",
            "Jackpot 2 Million",
            "Jackpot 1 Million",
            "Backglass Hip",
            "Backglass Middle leg",
            "Backglass Knee",
            "Backglass Foot",
            "Backglass Shoulder",
            "Mini Playfield 100k",
            "Mini Playfield 200k",
            "Mini Playfield 300k"
        ]
    },
    {
        "Title": "Hurricane",
        "Short": "HUR",
        "Lamps": [
            "Left Clown Eye",
            "Right Clown Eye",
            "Left Clown Cheek",
            "Clown Nose",
            "Right Clown Cheek",
            "Clown Mouth",
            "Left Outlane",
            "Left Return Lane",
            "Bonus 2X",
            "Bonus 3X",
            "Bonus 4X",
            "Bonus 5X",
            "Bonus 6X",
            "Left Drop 1",
            "Left Drop 2",
            "Left Drop 3",
            "Palance P",
            "Palance A",
            "Palance L",
            "Palance A",
            "Palance C",
            "Palance E",
            "Right Outlane",
            "Right Return Lane",
            "Special",
            "Clown Time",
            "Spot Palace",
            "Skill Shot",
            "Hurricane Value",
            "Hurricane 1 Million",
            "Hurricane 3 Million",
            "Hurricane 5 Million",
            "Lock 2",
            "Lock 1",
            "Mystery",
            "Jackpot",
            "Play It Again",
            "Quick Score",
            "Ferris Wheel",
            "Million",
            "Comet 50k",
            "Comet 100k",
            "Comet 200k",
            "Comet 300k",
            "Left Jet Bumper",
            "Right Jet Bumper",
            "Bottom Jet Bumper",
            "Dunk The Dummy",
            "All Scores X2",
            "All Scores X3",
            "All Scores X5",
            "Palace Clock",
            "Right StandUp 4",
            "Right StandUp 3",
            "Right StandUp 2",
            "Right StandUp 1",
            "Juggler 1",
            "Juggler 2",
            "Juggler 3",
            "Juggler 4",
            "Flipper Lanes",
            "Start Button",
            "Left Sling",
            "Right Sling"
        ]
    },
	{
        "Title": "Lord of the Rings",
        "Short": "LOTR",
        "Lamps": [
			"(K)eep",
			"Pippin",
			"Boromir",
			"Pippin Arrow",
			"Legolas Arrow",
			"Gimli Arrow",
			"Aragorn Arrow",
			"(O)rc",
			"Shooter Lane #",
			"Esacpe the Ringwraiths",
			"K(e)ep",
			"Merry",
			"Mystery",
			"Gift of the Elves",
			"L Ramp Man Ring",
			"Extra Ball",
			"R Ramp Man Ring",
			"O(r)c",
			"Shooter Lane #3",
			"Gandalf vs Saruman",
			"Ke(e)p",
			"Sam",
			"Frodo Arrow",
			"Light Extra Ball",
			"L Ramp Dwarf Ring",
			"Gollum Multiball",
			"R Ramp Dwarf Ring",
			"Or(c)",
			"Shooter Lane #4",
			"Warg Attack",
			"Kee(p)",
			"Aragorn",
			"Destroy Ring",
			"Ring Multiball",
			"L Ramp Elf Ring",
			"Special",
			"R Ramp Elf Ring",
			"POTD U.L.",
			"Shooter Lane #5",
			"War of the Ents",
			"The Fellowship of the Ring",
			"Frodo",
			"Mode Start",
			"Big Points",
			"Gandalf Arrow",
			"Merry Arrow",
			"Lock",
			"POTD U.R.",
			"Shooter Lane #6",
			"Battle with Shelob",
			"The two Towers",
			"Gandalf",
			"Palantir",
			"Light Special",
			"C Loop Man Ring",
			"R Orbit Man Ring",
			"Lanes",
			"POTD L.L.",
			"Shooter Lane #7",
			"Destroy the Witch-King",
			"The Return of the King",
			"Legolas",
			"Palantir Globe",
			"Super Ring Frenzy",
			"C Loop Dwarf Ring",
			"R Orbit Dwarf Ring",
			"Tower",
			"POTD L.R.",
			"Shooter Lane #8",
			"Tournament Button",
			"Shoot Again",
			"Gimli",
			"Spot Ring",
			"2x Scoring",
			"C Loop Elf Ring",
			"R Orbit Elf Ring",
			"Flipper",
			"Shooter Lane #1 BOT",
			"Shooter Lane #9 TOP",
			"Start Button"
        ]
	}
]
