Designator,Val,Package,Mid X,Mid Y,Rotation,Layer
D2,4.7V,D_SOD-323_HandSoldering,122.5,-88.5,180,top
D3,4.7V,D_SOD-323_HandSoldering,122.5,-93.5,180,top
D4,4.7V,D_SOD-323_HandSoldering,118,-97,90,top
D5,4.7V,D_SOD-323_HandSoldering,118,-104.5,90,top
D6,4.7V,D_SOD-323_HandSoldering,122.5,-108,180,top
D7,4.7V,D_SOD-323_HandSoldering,122.5,-113,180,top
D8,4.7V,D_SOD-323_HandSoldering,122.5,-118,180,top
D9,4.7V,D_SOD-323_HandSoldering,122.5,-123.5,180,top
Q1,IRF5305,TO-252-2,68.18,-116.04,180,top
Q3,IRF5305,TO-252-2,68.18,-108.42,180,top
Q5,IRF5305,TO-252-2,68.18,-100.8,180,top
Q7,IRF5305,TO-252-2,68.18,-93.18,180,top
Q8,IRF5305,TO-252-2,68.18,-85.56,180,top
Q9,IRL2905,TO-252-2,68.18,-77.94,180,top
Q11,IRL2905,TO-252-2,68.18,-70.32,180,top
Q13,IRL2905,TO-252-2,68.18,-62.7,180,top
Q16,IRL2905,TO-252-2,68.18,-55.08,180,top
R1,1k,R_0805_HandSoldering,122.79,-86,180,top
R2,1k,R_0805_HandSoldering,122.79,-91,180,top
R3,1k,R_0805_HandSoldering,122.79,-96.99,180,top
R4,1k,R_0805_HandSoldering,122.79,-100.8,180,top
R5,1k,R_0805_HandSoldering,122.79,-105.245,180,top
R6,1k,R_0805_HandSoldering,122.79,-110.5,180,top
R7,1k,R_0805_HandSoldering,123,-115.5,180,top
R8,1k,R_0805_HandSoldering,122.79,-121.12,180,top
R9,1k,R_0805_HandSoldering,125.965,-62.065,180,top
R10,1k,R_0805_HandSoldering,125.965,-64.605,180,top
R11,1k,R_0805_HandSoldering,125.965,-69.685,180,top
R12,1k,R_0805_HandSoldering,125.965,-72.225,180,top
R13,1k,R_0805_HandSoldering,125.965,-74.765,180,top
R14,1k,R_0805_HandSoldering,125.965,-77.305,180,top
R15,1k,R_0805_HandSoldering,125.965,-79.845,180,top
R16,1k,R_0805_HandSoldering,125.965,-82.385,180,top
R35,2k,R_0805_HandSoldering,75.8,-116.04,270,top
R37,2k,R_0805_HandSoldering,75.8,-108.42,270,top
R39,2k,R_0805_HandSoldering,75.8,-100.8,270,top
R41,2k,R_0805_HandSoldering,75.8,-93.18,270,top
R42,2k,R_0805_HandSoldering,75.8,-85.56,270,top
R43,220,R_0805_HandSoldering,77.07,-79.21,0,top
R44,10k,R_0805_HandSoldering,77.07,-76.67,0,top
R47,220,R_0805_HandSoldering,77.07,-71.59,0,top
R48,10k,R_0805_HandSoldering,77.07,-69.05,0,top
R51,220,R_0805_HandSoldering,77.07,-63.97,0,top
R52,10k,R_0805_HandSoldering,77.07,-61.43,0,top
R57,220,R_0805_HandSoldering,77.07,-56.35,0,top
R58,10k,R_0805_HandSoldering,77.07,-53.81,0,top
U5,74HC595,SOIC-16_3.9x9.9mm_Pitch1.27mm,85.96,-58.89,180,top