Designator,Val,Package,Mid X,Mid Y,Rotation,Layer
C2,0.33,C_0805_HandSoldering,-85.96,-109.055,180,bottom
C3,0.1,C_0805_HandSoldering,-89.77,-93.815,270,bottom
C4,0.33,C_0805_HandSoldering,-97.39,-119.215,90,bottom
Q2,IRF5305,TO-252-2,-68.18,-108.42,180,bottom
Q4,IRF5305,TO-252-2,-68.18,-100.8,180,bottom
Q6,IRF5305,TO-252-2,-68.18,-93.18,180,bottom
Q10,IRL2905,TO-252-2,-68.18,-77.94,180,bottom
Q12,IRL2905,TO-252-2,-68.18,-70.32,180,bottom
Q14,IRL2905,TO-252-2,-68.18,-62.7,180,bottom
Q15,IRL2905,TO-252-2,-68.18,-55.08,180,bottom
R17,1k,R_0805_HandSoldering,-126.6,-87.465,0,bottom
R18,1k,R_0805_HandSoldering,-126.6,-91.275,0,bottom
R19,1k,R_0805_HandSoldering,-126.6,-95.085,0,bottom
R20,1k,R_0805_HandSoldering,-126.6,-98.895,0,bottom
R21,1k,R_0805_HandSoldering,-126.6,-103.34,0,bottom
R22,1k,R_0805_HandSoldering,-126.6,-107.15,0,bottom
R23,1k,R_0805_HandSoldering,-126.6,-110.96,0,bottom
R24,1k,R_0805_HandSoldering,-126.6,-119.215,0,bottom
R25,10k,R_0805_HandSoldering,-91.675,-98.895,270,bottom
R26,0.22,R_2512_HandSoldering,-50.5,-109.5,90,bottom
R27,10k,R_0805_HandSoldering,-30.5,-113.5,0,bottom
R28,10k,R_0805_HandSoldering,-30.5,-109.5,0,bottom
R29,10k,R_0805_HandSoldering,-30.5,-105.6,0,bottom
R30,10k,R_0805_HandSoldering,-30.5,-101.6,0,bottom
R31,10k,R_0805_HandSoldering,-30.5,-97.6,0,bottom
R32,10k,R_0805_HandSoldering,-30.5,-93.7,0,bottom
R33,10k,R_0805_HandSoldering,-30.5,-89.7,0,bottom
R34,10k,R_0805_HandSoldering,-30.5,-82,0,bottom
R36,2k,R_0805_HandSoldering,-75.8,-108.42,90,bottom
R38,2k,R_0805_HandSoldering,-75.8,-100.8,90,bottom
R40,2k,R_0805_HandSoldering,-75.8,-93.18,90,bottom
R45,220,R_0805_HandSoldering,-77.07,-76.67,0,bottom
R46,10k,R_0805_HandSoldering,-77.07,-79.21,0,bottom
R49,220,R_0805_HandSoldering,-77.07,-69.05,0,bottom
R50,10k,R_0805_HandSoldering,-77.07,-71.59,0,bottom
R53,220,R_0805_HandSoldering,-77.07,-61.43,0,bottom
R54,10k,R_0805_HandSoldering,-77.07,-63.97,0,bottom
R55,220,R_0805_HandSoldering,-77.07,-53.81,0,bottom
R56,10k,R_0805_HandSoldering,-77.07,-56.35,0,bottom
R59,10k,R_0805_HandSoldering,-30.08,-74.765,180,bottom
R60,10k,R_0805_HandSoldering,-30.08,-72.86,180,bottom
R61,10k,R_0805_HandSoldering,-30.08,-70.955,180,bottom
R62,10k,R_0805_HandSoldering,-30.08,-69.05,180,bottom
R63,10k,R_0805_HandSoldering,-30.08,-67.145,180,bottom
R64,10k,R_0805_HandSoldering,-30.08,-65.24,180,bottom
R65,10k,R_0805_HandSoldering,-30.08,-63.335,180,bottom
R66,10k,R_0805_HandSoldering,-30.08,-61.43,180,bottom
U1,74LS165,SOIC-16_3.9x9.9mm_Pitch1.27mm,-117.075,-102.07,90,bottom
U2,74LS165,SOIC-16_3.9x9.9mm_Pitch1.27mm,-122.155,-71.59,90,bottom
U6,74HC595,SOIC-16_3.9x9.9mm_Pitch1.27mm,-85.96,-58.89,0,bottom
U7,ULN2803A,SOIC-18W_7.5x11.6mm_Pitch1.27mm,-100.565,-61.43,270,bottom